pose_id,status,reason,initial_base,final_base,sim_duration_s,policy_steps,binary_pick_label,attempt
A,not_run,not_run,"[7.183716297149658, 2.70900559425354, -1.7024431228637695]",,,,,
P002,not_run,not_run,"[7.036627595614837, 2.6081039999999995, -1.0729097659400033]",,,,,
P005,not_run,not_run,"[7.2955222764918695, 2.6081039999999995, -1.5355910851610992]",,,,,
P008,not_run,not_run,"[7.554416957368902, 2.6081039999999995, -2.0127111677484932]",,,,,
P011,not_run,not_run,"[7.813311638245935, 2.6081039999999995, -2.3468398323520296]",,,,,
P014,invalid_initialization,initial_pose_collision,"[8.072206319122968, 2.6081039999999995, -2.5504383740947683]",,,,,
P017,invalid_initialization,initial_pose_collision,"[8.331101, 2.6081039999999995, -2.677574146680714]",,,,,
P020,not_run,not_run,"[7.036627595614837, 2.7681039999999997, -1.1786052219452678]",,,,,
P023,not_run,not_run,"[7.2955222764918695, 2.7681039999999997, -1.5440025328052394]",,,,,
P026,not_run,not_run,"[7.554416957368902, 2.7681039999999997, -1.9163679663448365]",,,,,
P029,invalid_initialization,initial_pose_collision,"[7.813311638245935, 2.7681039999999997, -2.212269711794865]",,,,,
P032,invalid_initialization,initial_pose_collision,"[8.072206319122968, 2.7681039999999997, -2.4187540134564984]",,,,,
P035,invalid_initialization,initial_pose_collision,"[8.331101, 2.7681039999999997, -2.559830443083608]",,,,,
P038,not_run,not_run,"[7.036627595614837, 2.9281039999999994, -1.248610670765351]",,,,,
P041,not_run,not_run,"[7.2955222764918695, 2.9281039999999994, -1.5491702028685324]",,,,,
P044,not_run,not_run,"[7.554416957368902, 2.9281039999999994, -1.8535682534153488]",,,,,
P047,invalid_initialization,initial_pose_collision,"[7.813311638245935, 2.9281039999999994, -2.1132319204769967]",,,,,
P050,invalid_initialization,initial_pose_collision,"[8.072206319122968, 2.9281039999999994, -2.3118004762832465]",,,,,
P053,invalid_initialization,initial_pose_collision,"[8.331101, 2.9281039999999994, -2.457822365267687]",,,,,
P056,not_run,not_run,"[7.036627595614837, 0.4953759999999998, 1.3998324924433863]",,,,,
P059,not_run,not_run,"[7.2955222764918695, 0.4953759999999998, 1.559610073364961]",,,,,
P062,not_run,not_run,"[7.554416957368902, 0.4953759999999998, 1.7199559762930883]",,,,,
P065,not_run,not_run,"[7.813311638245935, 0.4953759999999998, 1.872987095929799]",,,,,
P068,invalid_initialization,initial_pose_collision,"[8.072206319122968, 0.4953759999999998, 2.0127756412400624]",,,,,
P071,invalid_initialization,initial_pose_collision,"[8.331101, 0.4953759999999998, 2.136314362375174]",,,,,
P074,invalid_initialization,initial_pose_collision,"[7.036627595614837, 0.3353759999999997, 1.4150827542366256]",,,,,
P077,invalid_initialization,initial_pose_collision,"[7.2955222764918695, 0.3353759999999997, 1.5606249509209251]",,,,,
P080,invalid_initialization,initial_pose_collision,"[7.554416957368902, 0.3353759999999997, 1.7065962920469735]",,,,,
P083,invalid_initialization,initial_pose_collision,"[7.813311638245935, 0.3353759999999997, 1.8470047160986818]",,,,,
P086,invalid_initialization,initial_pose_collision,"[8.072206319122968, 0.3353759999999997, 1.9771191373570385]",,,,,
P089,invalid_initialization,initial_pose_collision,"[8.331101, 0.3353759999999997, 2.094191642948971]",,,,,
P092,invalid_initialization,initial_pose_collision,"[7.036627595614837, 0.17537599999999975, 1.4278521997308462]",,,,,
P095,invalid_initialization,initial_pose_collision,"[7.2955222764918695, 0.17537599999999975, 1.5614710004234544]",,,,,
P098,invalid_initialization,initial_pose_collision,"[7.554416957368902, 0.17537599999999975, 1.695421639323491]",,,,,
P101,invalid_initialization,initial_pose_collision,"[7.813311638245935, 0.17537599999999975, 1.825047014461229]",,,,,
P104,invalid_initialization,initial_pose_collision,"[8.072206319122968, 0.17537599999999975, 1.946530584604969]",,,,,
P107,invalid_initialization,initial_pose_collision,"[8.331101, 0.17537599999999975, 2.057432476768053]",,,,,
P110,invalid_initialization,initial_pose_collision,"[6.866627595614837, 0.6653759999999997, 1.2686213316970003]",,,,,
P113,not_run,not_run,"[6.866627595614837, 0.9608306666666664, 1.1966393146296908]",,,,,
P116,not_run,not_run,"[6.866627595614837, 1.256285333333333, 1.0831662133094189]",,,,,
P119,not_run,not_run,"[6.866627595614837, 1.5517399999999997, 0.8859126509153893]",,,,,
P122,not_run,not_run,"[6.866627595614837, 1.8471946666666663, 0.5128547329994689]",,,,,
P125,not_run,not_run,"[6.866627595614837, 2.142649333333333, -0.09779550733179841]",,,,,
P128,not_run,not_run,"[6.866627595614837, 2.4381039999999996, -0.6494453623744006]",,,,,
P131,not_run,not_run,"[6.706627595614837, 0.6653759999999997, 1.1703317577059125]",,,,,
P134,not_run,not_run,"[6.706627595614837, 0.9608306666666664, 1.080901371478814]",,,,,
P137,not_run,not_run,"[6.706627595614837, 1.256285333333333, 0.9466066875080817]",,,,,
P140,not_run,not_run,"[6.706627595614837, 1.5517399999999997, 0.7336545001715715]",,,,,
P143,not_run,not_run,"[6.706627595614837, 1.8471946666666663, 0.39306288760685193]",,,,,
P146,not_run,not_run,"[6.706627595614837, 2.142649333333333, -0.07211548032535184]",,,,,
P149,not_run,not_run,"[6.706627595614837, 2.4381039999999996, -0.5098191956685406]",,,,,
P152,not_run,not_run,"[6.5466275956148365, 0.6653759999999997, 1.0795727185003436]",,,,,
P155,not_run,not_run,"[6.5466275956148365, 0.9608306666666664, 0.9778349528832556]",,,,,
P158,not_run,not_run,"[6.5466275956148365, 1.256285333333333, 0.8323972821973585]",,,,,
P161,not_run,not_run,"[6.5466275956148365, 1.5517399999999997, 0.6196744114807516]",,,,,
P164,not_run,not_run,"[6.5466275956148365, 1.8471946666666663, 0.31705571634176144]",,,,,
P167,not_run,not_run,"[6.5466275956148365, 2.142649333333333, -0.057105517062213125]",,,,,
P170,not_run,not_run,"[6.5466275956148365, 2.4381039999999996, -0.4165662508755891]",,,,,
