pose_id,status,reason,duration_s,max_lift_m,two_force_samples,max_qualified_hold_s,max_robot_penetration_m,base_distance_m,max_command_error_rad,torso_warning,minor_collision_warning
A,executed_failure,horizon_exhausted_lift_contact_hold_or_slip,39.99999999999959,0.006354776871267287,146.0,0.0,0.0017277097998287,1.8252249698035306,0.0,True,True
P002,executed_failure,horizon_exhausted_lift_contact_hold_or_slip,39.99999999999959,2.910221891250231e-07,0.0,0.0,0.0,1.1732543368567578,0.0,True,False
P005,executed_failure,horizon_exhausted_lift_contact_hold_or_slip,39.99999999999959,1.53148524306701e-07,0.0,0.0,0.0026307052256704625,0.7961001057424236,0.0,True,True
P008,executed_failure,horizon_exhausted_lift_contact_hold_or_slip,39.99999999999959,2.9691021974365128e-08,0.0,0.0,0.003522186243463157,0.6662245137827536,0.0,True,True
P011,executed_failure,horizon_exhausted_lift_contact_hold_or_slip,39.99999999999959,8.124180811419635e-07,0.0,0.0,0.0011374044548221045,1.1498296127205605,0.0,True,True
P020,executed_failure,horizon_exhausted_lift_contact_hold_or_slip,39.99999999999959,6.870418312043824e-08,0.0,0.0,0.0027525484283328675,1.2275556350952135,0.0,True,True
P023,executed_failure,horizon_exhausted_lift_contact_hold_or_slip,39.99999999999959,4.799322577131448e-07,0.0,0.0,0.0014312921424698094,1.493783205631023,0.0,True,True
P026,executed_failure,horizon_exhausted_lift_contact_hold_or_slip,39.99999999999959,4.404381024336601e-07,0.0,0.0,0.0034004517597219647,1.4408177363190882,0.0,True,True
P038,executed_failure,horizon_exhausted_lift_contact_hold_or_slip,39.99999999999959,4.8508924543888554e-08,0.0,0.0,0.0,2.565593409652506,0.0,True,False
P041,executed_failure,horizon_exhausted_lift_contact_hold_or_slip,39.99999999999959,0.006816677268788651,71.0,0.0,0.0018039610589516363,2.1114078847171935,0.0,True,False
P044,executed_failure,horizon_exhausted_lift_contact_hold_or_slip,39.99999999999959,0.0261009521850063,635.0,0.0,0.0058205846755311355,1.9120315358423225,0.0,True,True
P056,executed_failure,severe_penetration,30.7240000000036,1.4457605113094019e-09,0.0,0.0,0.02049247897198197,1.3629849938567622,0.0,True,True
P059,executed_failure,severe_penetration,8.743999999999481,7.17337611533253e-09,0.0,0.0,0.020022084873626472,0.27361017454199216,0.0,True,True
P062,executed_failure,severe_penetration,10.11999999999933,1.6232130084503638e-09,0.0,0.0,0.021192283586358523,0.37237271815093254,0.0,True,True
P065,executed_failure,horizon_exhausted_lift_contact_hold_or_slip,39.99999999999959,3.074872489960967e-08,0.0,0.0,0.006198579771985488,2.1838969336333043,0.0,True,True
P113,executed_failure,horizon_exhausted_lift_contact_hold_or_slip,39.99999999999959,3.155720207370649e-08,0.0,0.0,0.0015841378179337145,1.5293046473838432,0.0,True,True
P116,executed_failure,horizon_exhausted_lift_contact_hold_or_slip,39.99999999999959,2.9874580487199154e-07,0.0,0.0,0.004732695415452524,1.6150463285231529,0.0,True,True
P119,executed_failure,horizon_exhausted_lift_contact_hold_or_slip,39.99999999999959,2.500586430143059e-07,0.0,0.0,0.0,1.2721684352146234,0.0,True,False
P122,executed_failure,horizon_exhausted_lift_contact_hold_or_slip,39.99999999999959,3.194253683780346e-08,0.0,0.0,0.0017730608397197346,1.7592075374253295,0.0,True,True
P125,executed_failure,horizon_exhausted_lift_contact_hold_or_slip,39.99999999999959,2.3004444793528478e-07,0.0,0.0,0.0038995567876144582,1.235738348155643,0.0,True,True
P128,verified_success,strict_visual_mobile_pick,12.463999999999071,0.1395012677070211,945.0,1.9999999999997797,0.0020438725757341903,0.8238436031803306,0.0,True,False
P131,executed_failure,horizon_exhausted_lift_contact_hold_or_slip,39.99999999999959,3.047673624578806e-08,0.0,0.0,0.01143326001435659,1.7025238216041307,0.0,True,True
P134,executed_failure,horizon_exhausted_lift_contact_hold_or_slip,39.99999999999959,4.622386917674248e-10,0.0,0.0,0.0,1.4076095934604456,0.0,True,False
P137,executed_failure,horizon_exhausted_lift_contact_hold_or_slip,39.99999999999959,1.1110497344368753e-07,0.0,0.0,0.0,1.3320175122669597,0.0,True,False
P140,executed_failure,horizon_exhausted_lift_contact_hold_or_slip,39.99999999999959,7.208638219680097e-08,0.0,0.0,0.0,1.7688686002004312,0.0,True,False
P143,executed_failure,horizon_exhausted_lift_contact_hold_or_slip,39.99999999999959,2.7901999410939737e-07,0.0,0.0,0.003399165696803549,1.5053428948538226,0.0,True,True
P146,verified_success,strict_visual_mobile_pick,10.623999999999274,0.09213925815924628,783.0,1.9999999999997797,0.002363152055608733,0.5762475339825556,0.0,True,False
P149,verified_success,strict_visual_mobile_pick,12.66399999999905,0.12293646496306898,991.0,1.9999999999997797,0.0022383451153740945,0.7844242157060862,0.0,True,True
P152,executed_failure,horizon_exhausted_lift_contact_hold_or_slip,39.99999999999959,7.568133397750643e-08,0.0,0.0,0.004374926632503365,1.4629139720466449,0.0,True,True
P155,executed_failure,horizon_exhausted_lift_contact_hold_or_slip,39.99999999999959,3.6629746302807575e-07,0.0,0.0,0.0,2.0174578900359257,0.0,True,False
P158,executed_failure,horizon_exhausted_lift_contact_hold_or_slip,39.99999999999959,2.952790311150366e-07,0.0,0.0,0.0010947395095801363,1.8779884952288348,0.0,True,True
P161,executed_failure,horizon_exhausted_lift_contact_hold_or_slip,39.99999999999959,3.21272561887298e-08,0.0,0.0,0.0015718182376064111,1.7911632945574467,0.0,True,True
P164,executed_failure,horizon_exhausted_lift_contact_hold_or_slip,39.99999999999959,3.4205270782461383e-07,0.0,0.0,0.0032549646916814126,1.4605193237359835,0.0,True,True
P167,verified_success,strict_visual_mobile_pick,15.399999999998748,0.15760127138849112,772.0,1.9999999999997797,0.005987685524476717,0.8512292118759806,0.0,True,True
P170,verified_success,strict_visual_mobile_pick,12.511999999999066,0.15034660225938845,734.0,1.9999999999997797,0.0017203869138323214,0.791399829941056,0.0,True,False
