trial_id,base_x,base_y,base_yaw_rad,arm,h,binary_pick_label,floor_point_index,floor_x,floor_y,nearest_distance_m,mapped
T00_A_left_h0.7380,7.183716297149658,2.70900559425354,-1.7024431228637695,left,0.738,1,2586,7.166627595614838,2.715376,0.018237483091717514,True
T01_P121_left_h0.7380,6.866627595614837,1.8471946666666663,0.16378888260060315,left,0.738,1,1820,6.846627595614838,1.8353760000000001,0.023231032731622463,True
T02_P127_left_h0.7380,6.866627595614837,2.4381039999999996,-0.9985112127732664,left,0.738,1,1835,6.846627595614838,2.435376,0.020185192196259718,True
T03_P007_left_h0.7380,7.554416957368902,2.6081039999999995,-2.361777018147359,left,0.738,1,3513,7.566627595614839,2.5953760000000003,0.017638074451966374,True
T04_P125_left_h0.7380,6.866627595614837,2.142649333333333,-0.09779550733179841,left,0.738,1,1828,6.846627595614838,2.155376,0.023705865190800365,True
T05_P001_left_h0.7380,7.036627595614837,2.6081039999999995,-1.4219756163388693,left,0.738,1,2304,7.046627595614838,2.5953760000000003,0.016186475342087617,True
T06_P005_left_h0.7380,7.2955222764918695,2.6081039999999995,-1.5355910851610992,left,0.738,1,2862,7.2866275956148385,2.5953760000000003,0.015527953242594436,True
T07_P003_right_h0.7380,7.036627595614837,2.6081039999999995,-0.7238439155411375,right,0.738,1,2304,7.046627595614838,2.5953760000000003,0.016186475342087617,True
T08_P008_right_h0.7380,7.554416957368902,2.6081039999999995,-2.0127111677484932,right,0.738,0,3513,7.566627595614839,2.5953760000000003,0.017638074451966374,True
T09_P009_right_h0.7380,7.554416957368902,2.6081039999999995,-1.6636453173496273,right,0.738,1,3513,7.566627595614839,2.5953760000000003,0.017638074451966374,True
