pose_id,side,x,y,yaw_rad,geometry_status,planning_queries,ik_solutions,full_path_solutions,physics_trials,physics_successes,physics_failures,physics_status
A,north,7.183716297149658,2.70900559425354,-1.7024431228637695,eligible,10,2,2,1,1,0,verified_success
P001,north,7.036627595614837,2.6081039999999995,-1.4219756163388693,eligible,10,5,5,1,1,0,verified_success
P002,north,7.036627595614837,2.6081039999999995,-1.0729097659400033,eligible,10,1,0,0,0,0,not_run
P003,north,7.036627595614837,2.6081039999999995,-0.7238439155411375,eligible,10,2,2,1,1,0,verified_success
P004,north,7.2955222764918695,2.6081039999999995,-1.8846569355599652,initial_pose_collision,0,0,0,0,0,0,not_run
P005,north,7.2955222764918695,2.6081039999999995,-1.5355910851610992,eligible,10,7,6,1,1,0,verified_success
P006,north,7.2955222764918695,2.6081039999999995,-1.1865252347622333,initial_pose_collision,0,0,0,0,0,0,not_run
P007,north,7.554416957368902,2.6081039999999995,-2.361777018147359,eligible,10,5,4,1,1,0,verified_success
P008,north,7.554416957368902,2.6081039999999995,-2.0127111677484932,eligible,10,2,1,1,0,1,executed_failure
P009,north,7.554416957368902,2.6081039999999995,-1.6636453173496273,eligible,10,5,5,1,1,0,verified_success
P010,north,7.813311638245935,2.6081039999999995,-2.6959056827508956,initial_pose_collision,0,0,0,0,0,0,not_run
P011,north,7.813311638245935,2.6081039999999995,-2.3468398323520296,eligible,10,0,0,0,0,0,not_run
P012,north,7.813311638245935,2.6081039999999995,-1.9977739819531637,eligible,10,0,0,0,0,0,not_run
P013,north,8.072206319122968,2.6081039999999995,-2.899504224493634,eligible,10,0,0,0,0,0,not_run
P014,north,8.072206319122968,2.6081039999999995,-2.5504383740947683,initial_pose_collision,0,0,0,0,0,0,not_run
P015,north,8.072206319122968,2.6081039999999995,-2.2013725236959023,initial_pose_collision,0,0,0,0,0,0,not_run
P016,north,8.331101,2.6081039999999995,-3.02663999707958,initial_pose_collision,0,0,0,0,0,0,not_run
P017,north,8.331101,2.6081039999999995,-2.677574146680714,initial_pose_collision,0,0,0,0,0,0,not_run
P018,north,8.331101,2.6081039999999995,-2.328508296281848,initial_pose_collision,0,0,0,0,0,0,not_run
P019,north,7.036627595614837,2.7681039999999997,-1.5276710723441338,eligible,10,0,0,0,0,0,not_run
P020,north,7.036627595614837,2.7681039999999997,-1.1786052219452678,eligible,10,0,0,0,0,0,not_run
P021,north,7.036627595614837,2.7681039999999997,-0.8295393715464019,eligible,10,0,0,0,0,0,not_run
P022,north,7.2955222764918695,2.7681039999999997,-1.8930683832041053,eligible,10,0,0,0,0,0,not_run
P023,north,7.2955222764918695,2.7681039999999997,-1.5440025328052394,eligible,10,0,0,0,0,0,not_run
P024,north,7.2955222764918695,2.7681039999999997,-1.1949366824063734,eligible,10,0,0,0,0,0,not_run
P025,north,7.554416957368902,2.7681039999999997,-2.2654338167437023,eligible,10,0,0,0,0,0,not_run
P026,north,7.554416957368902,2.7681039999999997,-1.9163679663448365,eligible,10,0,0,0,0,0,not_run
P027,north,7.554416957368902,2.7681039999999997,-1.5673021159459706,eligible,10,0,0,0,0,0,not_run
P028,north,7.813311638245935,2.7681039999999997,-2.5613355621937304,initial_pose_collision,0,0,0,0,0,0,not_run
P029,north,7.813311638245935,2.7681039999999997,-2.212269711794865,initial_pose_collision,0,0,0,0,0,0,not_run
P030,north,7.813311638245935,2.7681039999999997,-1.863203861395999,initial_pose_collision,0,0,0,0,0,0,not_run
P031,north,8.072206319122968,2.7681039999999997,-2.7678198638553644,initial_pose_collision,0,0,0,0,0,0,not_run
P032,north,8.072206319122968,2.7681039999999997,-2.4187540134564984,initial_pose_collision,0,0,0,0,0,0,not_run
P033,north,8.072206319122968,2.7681039999999997,-2.0696881630576325,initial_pose_collision,0,0,0,0,0,0,not_run
P034,north,8.331101,2.7681039999999997,-2.908896293482474,initial_pose_collision,0,0,0,0,0,0,not_run
P035,north,8.331101,2.7681039999999997,-2.559830443083608,initial_pose_collision,0,0,0,0,0,0,not_run
P036,north,8.331101,2.7681039999999997,-2.210764592684742,initial_pose_collision,0,0,0,0,0,0,not_run
P037,north,7.036627595614837,2.9281039999999994,-1.597676521164217,eligible,10,0,0,0,0,0,not_run
P038,north,7.036627595614837,2.9281039999999994,-1.248610670765351,eligible,10,0,0,0,0,0,not_run
P039,north,7.036627595614837,2.9281039999999994,-0.899544820366485,eligible,10,0,0,0,0,0,not_run
P040,north,7.2955222764918695,2.9281039999999994,-1.8982360532673983,eligible,10,0,0,0,0,0,not_run
P041,north,7.2955222764918695,2.9281039999999994,-1.5491702028685324,eligible,10,0,0,0,0,0,not_run
P042,north,7.2955222764918695,2.9281039999999994,-1.2001043524696664,eligible,10,0,0,0,0,0,not_run
P043,north,7.554416957368902,2.9281039999999994,-2.2026341038142148,initial_pose_collision,0,0,0,0,0,0,not_run
P044,north,7.554416957368902,2.9281039999999994,-1.8535682534153488,eligible,10,0,0,0,0,0,not_run
P045,north,7.554416957368902,2.9281039999999994,-1.504502403016483,eligible,10,0,0,0,0,0,not_run
P046,north,7.813311638245935,2.9281039999999994,-2.4622977708758627,initial_pose_collision,0,0,0,0,0,0,not_run
P047,north,7.813311638245935,2.9281039999999994,-2.1132319204769967,initial_pose_collision,0,0,0,0,0,0,not_run
P048,north,7.813311638245935,2.9281039999999994,-1.7641660700781308,initial_pose_collision,0,0,0,0,0,0,not_run
P049,north,8.072206319122968,2.9281039999999994,-2.6608663266821124,initial_pose_collision,0,0,0,0,0,0,not_run
P050,north,8.072206319122968,2.9281039999999994,-2.3118004762832465,initial_pose_collision,0,0,0,0,0,0,not_run
P051,north,8.072206319122968,2.9281039999999994,-1.9627346258843805,initial_pose_collision,0,0,0,0,0,0,not_run
P052,north,8.331101,2.9281039999999994,-2.806888215666553,initial_pose_collision,0,0,0,0,0,0,not_run
P053,north,8.331101,2.9281039999999994,-2.457822365267687,initial_pose_collision,0,0,0,0,0,0,not_run
P054,north,8.331101,2.9281039999999994,-2.108756514868821,initial_pose_collision,0,0,0,0,0,0,not_run
P055,south,7.036627595614837,0.4953759999999998,1.0507666420445203,outside_contact_bound,0,0,0,0,0,0,not_run
P056,south,7.036627595614837,0.4953759999999998,1.3998324924433863,outside_contact_bound,0,0,0,0,0,0,not_run
P057,south,7.036627595614837,0.4953759999999998,1.7488983428422522,initial_pose_collision,0,0,0,0,0,0,not_run
P058,south,7.2955222764918695,0.4953759999999998,1.210544222966095,initial_pose_collision,0,0,0,0,0,0,not_run
P059,south,7.2955222764918695,0.4953759999999998,1.559610073364961,outside_contact_bound,0,0,0,0,0,0,not_run
P060,south,7.2955222764918695,0.4953759999999998,1.9086759237638269,initial_pose_collision,0,0,0,0,0,0,not_run
P061,south,7.554416957368902,0.4953759999999998,1.3708901258942223,outside_contact_bound,0,0,0,0,0,0,not_run
P062,south,7.554416957368902,0.4953759999999998,1.7199559762930883,outside_contact_bound,0,0,0,0,0,0,not_run
P063,south,7.554416957368902,0.4953759999999998,2.0690218266919542,outside_contact_bound,0,0,0,0,0,0,not_run
P064,south,7.813311638245935,0.4953759999999998,1.523921245530933,outside_contact_bound,0,0,0,0,0,0,not_run
P065,south,7.813311638245935,0.4953759999999998,1.872987095929799,outside_contact_bound,0,0,0,0,0,0,not_run
P066,south,7.813311638245935,0.4953759999999998,2.222052946328665,outside_contact_bound,0,0,0,0,0,0,not_run
P067,south,8.072206319122968,0.4953759999999998,1.6637097908411964,initial_pose_collision,0,0,0,0,0,0,not_run
P068,south,8.072206319122968,0.4953759999999998,2.0127756412400624,initial_pose_collision,0,0,0,0,0,0,not_run
P069,south,8.072206319122968,0.4953759999999998,2.3618414916389283,initial_pose_collision,0,0,0,0,0,0,not_run
P070,south,8.331101,0.4953759999999998,1.787248511976308,initial_pose_collision,0,0,0,0,0,0,not_run
P071,south,8.331101,0.4953759999999998,2.136314362375174,initial_pose_collision,0,0,0,0,0,0,not_run
P072,south,8.331101,0.4953759999999998,2.4853802127740394,initial_pose_collision,0,0,0,0,0,0,not_run
P073,south,7.036627595614837,0.3353759999999997,1.0660169038377596,initial_pose_collision,0,0,0,0,0,0,not_run
P074,south,7.036627595614837,0.3353759999999997,1.4150827542366256,initial_pose_collision,0,0,0,0,0,0,not_run
P075,south,7.036627595614837,0.3353759999999997,1.7641486046354915,initial_pose_collision,0,0,0,0,0,0,not_run
P076,south,7.2955222764918695,0.3353759999999997,1.211559100522059,initial_pose_collision,0,0,0,0,0,0,not_run
P077,south,7.2955222764918695,0.3353759999999997,1.5606249509209251,initial_pose_collision,0,0,0,0,0,0,not_run
P078,south,7.2955222764918695,0.3353759999999997,1.909690801319791,initial_pose_collision,0,0,0,0,0,0,not_run
P079,south,7.554416957368902,0.3353759999999997,1.3575304416481075,initial_pose_collision,0,0,0,0,0,0,not_run
P080,south,7.554416957368902,0.3353759999999997,1.7065962920469735,initial_pose_collision,0,0,0,0,0,0,not_run
P081,south,7.554416957368902,0.3353759999999997,2.0556621424458394,initial_pose_collision,0,0,0,0,0,0,not_run
P082,south,7.813311638245935,0.3353759999999997,1.4979388656998158,initial_pose_collision,0,0,0,0,0,0,not_run
P083,south,7.813311638245935,0.3353759999999997,1.8470047160986818,initial_pose_collision,0,0,0,0,0,0,not_run
P084,south,7.813311638245935,0.3353759999999997,2.1960705664975477,initial_pose_collision,0,0,0,0,0,0,not_run
P085,south,8.072206319122968,0.3353759999999997,1.6280532869581725,initial_pose_collision,0,0,0,0,0,0,not_run
P086,south,8.072206319122968,0.3353759999999997,1.9771191373570385,initial_pose_collision,0,0,0,0,0,0,not_run
P087,south,8.072206319122968,0.3353759999999997,2.326184987755904,initial_pose_collision,0,0,0,0,0,0,not_run
P088,south,8.331101,0.3353759999999997,1.745125792550105,initial_pose_collision,0,0,0,0,0,0,not_run
P089,south,8.331101,0.3353759999999997,2.094191642948971,initial_pose_collision,0,0,0,0,0,0,not_run
P090,south,8.331101,0.3353759999999997,2.443257493347837,initial_pose_collision,0,0,0,0,0,0,not_run
P091,south,7.036627595614837,0.17537599999999975,1.0787863493319803,initial_pose_collision,0,0,0,0,0,0,not_run
P092,south,7.036627595614837,0.17537599999999975,1.4278521997308462,initial_pose_collision,0,0,0,0,0,0,not_run
P093,south,7.036627595614837,0.17537599999999975,1.7769180501297122,initial_pose_collision,0,0,0,0,0,0,not_run
P094,south,7.2955222764918695,0.17537599999999975,1.2124051500245883,initial_pose_collision,0,0,0,0,0,0,not_run
P095,south,7.2955222764918695,0.17537599999999975,1.5614710004234544,initial_pose_collision,0,0,0,0,0,0,not_run
P096,south,7.2955222764918695,0.17537599999999975,1.9105368508223204,initial_pose_collision,0,0,0,0,0,0,not_run
P097,south,7.554416957368902,0.17537599999999975,1.3463557889246252,initial_pose_collision,0,0,0,0,0,0,not_run
P098,south,7.554416957368902,0.17537599999999975,1.695421639323491,initial_pose_collision,0,0,0,0,0,0,not_run
P099,south,7.554416957368902,0.17537599999999975,2.044487489722357,initial_pose_collision,0,0,0,0,0,0,not_run
P100,south,7.813311638245935,0.17537599999999975,1.475981164062363,initial_pose_collision,0,0,0,0,0,0,not_run
P101,south,7.813311638245935,0.17537599999999975,1.825047014461229,initial_pose_collision,0,0,0,0,0,0,not_run
P102,south,7.813311638245935,0.17537599999999975,2.1741128648600947,initial_pose_collision,0,0,0,0,0,0,not_run
P103,south,8.072206319122968,0.17537599999999975,1.597464734206103,initial_pose_collision,0,0,0,0,0,0,not_run
P104,south,8.072206319122968,0.17537599999999975,1.946530584604969,initial_pose_collision,0,0,0,0,0,0,not_run
P105,south,8.072206319122968,0.17537599999999975,2.295596435003835,initial_pose_collision,0,0,0,0,0,0,not_run
P106,south,8.331101,0.17537599999999975,1.708366626369187,initial_pose_collision,0,0,0,0,0,0,not_run
P107,south,8.331101,0.17537599999999975,2.057432476768053,initial_pose_collision,0,0,0,0,0,0,not_run
P108,south,8.331101,0.17537599999999975,2.406498327166919,initial_pose_collision,0,0,0,0,0,0,not_run
P109,west,6.866627595614837,0.6653759999999997,0.9195554812981342,outside_contact_bound,0,0,0,0,0,0,not_run
P110,west,6.866627595614837,0.6653759999999997,1.2686213316970003,initial_pose_collision,0,0,0,0,0,0,not_run
P111,west,6.866627595614837,0.6653759999999997,1.6176871820958663,outside_contact_bound,0,0,0,0,0,0,not_run
P112,west,6.866627595614837,0.9608306666666664,0.8475734642308247,outside_contact_bound,0,0,0,0,0,0,not_run
P113,west,6.866627595614837,0.9608306666666664,1.1966393146296908,outside_contact_bound,0,0,0,0,0,0,not_run
P114,west,6.866627595614837,0.9608306666666664,1.5457051650285567,outside_contact_bound,0,0,0,0,0,0,not_run
P115,west,6.866627595614837,1.256285333333333,0.7341003629105531,eligible,10,0,0,0,0,0,not_run
P116,west,6.866627595614837,1.256285333333333,1.0831662133094189,eligible,10,0,0,0,0,0,not_run
P117,west,6.866627595614837,1.256285333333333,1.432232063708285,eligible,10,0,0,0,0,0,not_run
P118,west,6.866627595614837,1.5517399999999997,0.5368468005165234,eligible,10,0,0,0,0,0,not_run
P119,west,6.866627595614837,1.5517399999999997,0.8859126509153893,eligible,10,0,0,0,0,0,not_run
P120,west,6.866627595614837,1.5517399999999997,1.2349785013142554,eligible,10,0,0,0,0,0,not_run
P121,west,6.866627595614837,1.8471946666666663,0.16378888260060315,eligible,10,2,2,1,1,0,verified_success
P122,west,6.866627595614837,1.8471946666666663,0.5128547329994689,eligible,10,0,0,0,0,0,not_run
P123,west,6.866627595614837,1.8471946666666663,0.8619205833983349,eligible,10,0,0,0,0,0,not_run
P124,west,6.866627595614837,2.142649333333333,-0.4468613577306643,initial_pose_collision,0,0,0,0,0,0,not_run
P125,west,6.866627595614837,2.142649333333333,-0.09779550733179841,eligible,10,5,4,1,1,0,verified_success
P126,west,6.866627595614837,2.142649333333333,0.25127034306706747,eligible,10,4,3,0,0,0,not_run
P127,west,6.866627595614837,2.4381039999999996,-0.9985112127732664,eligible,10,5,5,1,1,0,verified_success
P128,west,6.866627595614837,2.4381039999999996,-0.6494453623744006,eligible,10,1,1,0,0,0,not_run
P129,west,6.866627595614837,2.4381039999999996,-0.30037951197553475,eligible,10,1,1,0,0,0,not_run
P130,west,6.706627595614837,0.6653759999999997,0.8212659073070464,outside_contact_bound,0,0,0,0,0,0,not_run
P131,west,6.706627595614837,0.6653759999999997,1.1703317577059125,outside_contact_bound,0,0,0,0,0,0,not_run
P132,west,6.706627595614837,0.6653759999999997,1.5193976081047784,outside_contact_bound,0,0,0,0,0,0,not_run
P133,west,6.706627595614837,0.9608306666666664,0.7318355210799482,outside_contact_bound,0,0,0,0,0,0,not_run
P134,west,6.706627595614837,0.9608306666666664,1.080901371478814,outside_contact_bound,0,0,0,0,0,0,not_run
P135,west,6.706627595614837,0.9608306666666664,1.42996722187768,outside_contact_bound,0,0,0,0,0,0,not_run
P136,west,6.706627595614837,1.256285333333333,0.5975408371092159,eligible,10,0,0,0,0,0,not_run
P137,west,6.706627595614837,1.256285333333333,0.9466066875080817,eligible,10,0,0,0,0,0,not_run
P138,west,6.706627595614837,1.256285333333333,1.2956725379069478,eligible,10,0,0,0,0,0,not_run
P139,west,6.706627595614837,1.5517399999999997,0.3845886497727056,eligible,10,0,0,0,0,0,not_run
P140,west,6.706627595614837,1.5517399999999997,0.7336545001715715,eligible,10,0,0,0,0,0,not_run
P141,west,6.706627595614837,1.5517399999999997,1.0827203505704373,eligible,10,0,0,0,0,0,not_run
P142,west,6.706627595614837,1.8471946666666663,0.04399703720798604,eligible,10,0,0,0,0,0,not_run
P143,west,6.706627595614837,1.8471946666666663,0.39306288760685193,eligible,10,0,0,0,0,0,not_run
P144,west,6.706627595614837,1.8471946666666663,0.7421287380057178,eligible,10,0,0,0,0,0,not_run
P145,west,6.706627595614837,2.142649333333333,-0.42118133072421776,eligible,10,0,0,0,0,0,not_run
P146,west,6.706627595614837,2.142649333333333,-0.07211548032535184,eligible,10,0,0,0,0,0,not_run
P147,west,6.706627595614837,2.142649333333333,0.27695037007351414,eligible,10,0,0,0,0,0,not_run
P148,west,6.706627595614837,2.4381039999999996,-0.8588850460674063,eligible,10,0,0,0,0,0,not_run
P149,west,6.706627595614837,2.4381039999999996,-0.5098191956685406,eligible,10,0,0,0,0,0,not_run
P150,west,6.706627595614837,2.4381039999999996,-0.16075334526967472,eligible,10,0,0,0,0,0,not_run
P151,west,6.5466275956148365,0.6653759999999997,0.7305068681014777,outside_contact_bound,0,0,0,0,0,0,not_run
P152,west,6.5466275956148365,0.6653759999999997,1.0795727185003436,outside_contact_bound,0,0,0,0,0,0,not_run
P153,west,6.5466275956148365,0.6653759999999997,1.4286385688992096,outside_contact_bound,0,0,0,0,0,0,not_run
P154,west,6.5466275956148365,0.9608306666666664,0.6287691024843898,outside_contact_bound,0,0,0,0,0,0,not_run
P155,west,6.5466275956148365,0.9608306666666664,0.9778349528832556,outside_contact_bound,0,0,0,0,0,0,not_run
P156,west,6.5466275956148365,0.9608306666666664,1.3269008032821215,outside_contact_bound,0,0,0,0,0,0,not_run
P157,west,6.5466275956148365,1.256285333333333,0.4833314317984928,eligible,10,0,0,1,0,0,attempt_incomplete
P158,west,6.5466275956148365,1.256285333333333,0.8323972821973585,eligible,10,0,0,1,0,0,attempt_incomplete
P159,west,6.5466275956148365,1.256285333333333,1.1814631325962246,eligible,10,0,0,0,0,0,not_run
P160,west,6.5466275956148365,1.5517399999999997,0.2706085610818857,eligible,10,0,0,0,0,0,not_run
P161,west,6.5466275956148365,1.5517399999999997,0.6196744114807516,eligible,10,0,0,0,0,0,not_run
P162,west,6.5466275956148365,1.5517399999999997,0.9687402618796174,eligible,10,0,0,0,0,0,not_run
P163,west,6.5466275956148365,1.8471946666666663,-0.03201013405710445,eligible,10,0,0,0,0,0,not_run
P164,west,6.5466275956148365,1.8471946666666663,0.31705571634176144,eligible,10,0,0,0,0,0,not_run
P165,west,6.5466275956148365,1.8471946666666663,0.6661215667406273,eligible,10,0,0,0,0,0,not_run
P166,west,6.5466275956148365,2.142649333333333,-0.406171367461079,eligible,10,0,0,0,0,0,not_run
P167,west,6.5466275956148365,2.142649333333333,-0.057105517062213125,eligible,10,0,0,0,0,0,not_run
P168,west,6.5466275956148365,2.142649333333333,0.2919603333366528,eligible,10,0,0,0,0,0,not_run
P169,west,6.5466275956148365,2.4381039999999996,-0.7656321012744549,eligible,10,0,0,0,0,0,not_run
P170,west,6.5466275956148365,2.4381039999999996,-0.4165662508755891,eligible,10,0,0,0,0,0,not_run
P171,west,6.5466275956148365,2.4381039999999996,-0.06750040047672314,eligible,10,0,0,0,0,0,not_run
