pose_id,reason,duration_s,max_command_linkage_error_rad,terminal_actual_linkage_error_rad,max_lift_m,two_force_bearing_fingers_seen
A,torso_linkage,0.17200000000000013,0.0,0.0020288662824071053,1.3611944904567963e-10,False
P002,torso_linkage,0.8760000000000007,0.0,0.002067212385396912,7.218802222652698e-10,False
P005,torso_linkage,0.1360000000000001,0.0,0.0020419209160090447,1.0937706296232363e-10,False
P008,torso_linkage,6.455999999999732,0.0,0.0020251109277799376,5.229118471561378e-09,False
P011,torso_linkage,0.8200000000000006,0.0,0.002042268532813522,6.73532341011196e-10,False
P020,torso_linkage,1.8280000000000014,0.0,0.002029732852354478,1.4738673614900222e-09,False
P023,torso_linkage,3.3880000000000026,0.0,0.0020110698527374335,2.7849619277375837e-09,False
P026,torso_linkage,0.19200000000000014,0.0,0.0020176998277035745,1.5286150123472453e-10,False
P038,torso_linkage,2.3000000000000016,0.0,0.0020003294413652286,1.853492914705157e-09,False
P041,torso_linkage,7.343999999999634,0.0,0.0020552140432571592,5.99987715066419e-09,False
P044,torso_linkage,1.6480000000000012,0.0,0.002140557444863465,1.3528336229029492e-09,False
P056,torso_linkage,0.06800000000000003,0.0,0.0021088281048092803,5.234868094561307e-11,False
P059,torso_linkage,0.06800000000000003,0.0,0.0021634054963845205,5.233635747003973e-11,False
P062,torso_linkage,0.11200000000000007,0.0,0.0020132747115531157,8.898382031219398e-11,False
P065,torso_linkage,1.7520000000000013,0.0,0.0020191239575223455,1.4362191436134708e-09,False
P113,torso_linkage,0.09200000000000005,0.0,0.0020786759629300685,7.22698567656721e-11,False
P116,torso_linkage,2.584000000000002,0.0,0.0020742809140729813,2.0966319791426713e-09,False
P119,torso_linkage,3.0680000000000023,0.0,0.0020813914709404005,8.777366611312232e-10,False
P122,torso_linkage,0.12400000000000008,0.0,0.002038403002952341,9.90326709526812e-11,False
P125,torso_linkage,0.12000000000000008,0.0,0.0020072846977153553,9.568057457443047e-11,False
P128,torso_linkage,0.2440000000000002,0.0,0.0020362780421005217,1.9627977021485776e-10,False
P131,torso_linkage,2.620000000000002,0.0,0.002024724821045035,2.1588845156017555e-09,False
P134,torso_linkage,2.624000000000002,0.0,0.0020625369095042412,2.1381160175693026e-09,False
P137,torso_linkage,0.9600000000000007,0.0,0.002078828494409886,7.778498956056978e-10,False
P140,torso_linkage,2.1000000000000014,0.0,0.0020003653320100727,2.007428889783114e-09,False
P143,torso_linkage,0.9800000000000008,0.0,0.002024838058754844,8.02814592582024e-10,False
P146,torso_linkage,0.9760000000000008,0.0,0.0020129524271459334,7.98104027310842e-10,False
P149,torso_linkage,2.2960000000000016,0.0,0.0020579461029118246,1.86589410589022e-09,False
P152,torso_linkage,0.1400000000000001,0.0,0.002055056588490195,1.0931300309380276e-10,False
P155,torso_linkage,0.09200000000000005,0.0,0.002074550462511034,7.022882275720121e-11,False
P158,torso_linkage,2.648000000000002,0.0,0.0020131163876633113,2.1758349566525226e-09,False
P161,torso_linkage,0.9320000000000007,0.0,0.002005971061050992,7.618717878798975e-10,False
P164,torso_linkage,0.9800000000000008,0.0,0.0020538284077700913,8.024824138530562e-10,False
P167,torso_linkage,1.8920000000000015,0.0,0.0020143279125875765,1.5360719363144426e-09,False
P170,torso_linkage,1.7160000000000013,0.0,0.0020066162401413926,1.4123318070602409e-09,False
